human_register,S1_pattern,S2_pattern,S5_pattern,S6_pattern,best_system,human_annotation_note
1,1,1,1,1,s2,"S5 follows a structured analysis-first approach (interpret ? map terms ? translate), which helps maintain accuracy. S6 incorrectly labels the condition as hyperthyroidism instead of hypothyroidism, and the LLM annotation correctly identifies this as an error while confirming S5 as consistent and correct overall. However, it is also worth noting that the human reference output is not fully faithful to the source, as it introduces additional statistics and patient counts not present in the original text and alters incidence and severity details, making it an unreliable translation despite being presented as one. For me the best translation is between s1 or s2 because they both maintain the facts: 24.7% incidence, Hypothyroidism, Grade 1-2 only and correct patient cohort (n = 361)


"
1,0,1,1,0,human,"The human translation is the strongest overall, correctly localising both regulatory acronyms (""TKI"" instead of the French ""ITK"" and ""SmPC"" instead of ""RCP""). S5 is also strong and uses ""SmPC"" appropriately, but retains ""ITK"" instead of ""TKI"". S1 remains overly literal with French acronyms, while S2 paraphrases ""SmPC"" as ""product information"", reducing terminological precision. S6 also keeps the french  ""RCP"" for ""SmPC"" and removes the explicit mention of ""tyrosine kinase inhibitor (TKI)
"
0,1,0,0,0,human,"""Injection site reactions"" is the correct and standard rendering of réactions au site d'injection, not an unnecessary descriptive paraphrase. The human translation, S1, S2, and S5 all render the term appropriately, despite some annotations classifying S2 and S5 as paraphrastic. S5, however, introduces additional explanatory content not present in the source. S6 is acceptable but less natural, using the less standard phrasing ""reactions to the injection site"".
"
0,0,1,0,0,s2,"The key term that needs to be translated accurately is ""hepatic veno-occlusive disease."" S2 is the only fully correct translation and was rightly identified by the LLM as accurate. The human translation is mislabelled as ""technical,"" but this is wrong as it drifts from the source and is talking about time frames"" S1 also fails to fully translate the phrase, leaving the acronym instead of expanding ""veno-occlusive disease,"" which makes it more incomplete than genuinely being paraphrased. S5 is incorrectly marked as paraphrased, as it introduces unrelated medical content rather than translating the source. S6 is likewise not a true paraphrase, since it retains an untranslated acronym instead of rendering the full medical term.
"
0,1,1,1,0,s2,"The LLM labels the human translation as ""technical,"" but I think it is simply a direct, literal transfer of the French structure, even if the phrasing is less natural in English (e.g., ""incidence of rash maculo-papular"" instead of ""maculopapular rash""). S1 is marked as a paraphrase with ""macular-papular,"" which is true as it omits the standard term ""rash."" The correct form is ""maculopapular."" S2 uses the correct term ""maculo-papular rash,"" and the LLM correctly identifies it as accurate. The same applies to S5, which is also correctly judged as accurate. S6 (""macular-papular skin rashes"") is labelled a paraphrase by the LLM, but adding ""skin"" does not meaningfully change the term, so I would not consider it a true paraphrase.
"
,,,,,s2,"
"
0,0,1,0,1,human,"The human translation uses the correct (""bradyarrhythmias and tachyarrhythmias""). S2 is the second best but the terms loose the pluralised rending. S1 contains incorrect formatting/spelling, while S5 and S6 retain incorrect French forms and are not valid English medical translations."
0,0,0,1,0,s5,"I'm not sure what ""mixed"" means here, since it still gets the term correct in the human translation. S1 also renders the term correctly, despite the LLM marking it as incorrect. S2 is correctly translated as ""pembrolizumab intravenous in combination with axitinib or lenvatinib,"" although the LLM did not select this as the correct English segment. It also labels this as a hypernym, which I am unsure about, since the only addition is ""intravenous,"" meaning ""within a vein."" S5 uses the correct terms but adds extra information: ""intravenous pembrolizumab in combination with axitinib (5 mg orally twice a day) or lenvatinib (20 mg orally once a day)."" The LLM marks this as correct, which it is in terms of meaning. S6 is not a miss as annotated by the LLM, since it correctly renders ""intravenous pembrolizumab in combination with axitinib or lenvatinib.""
"
0,1,1,1,1,human,"Human and S1 are the best overall as they are the most faithful and natural regulatory English translations, with S2 also acceptable but slightly more compressed; S5 remains understandable but less precise in structure, while S6 is the weakest due to reduced clarity and less faithful alignment with the source wording.
"
0,0,0,0,0,s2,"The LLM's labelling here seems too strict: ""Grade 3-5 adverse events"" is rendered most faithfully by the systems that keep ""adverse events"" or a very close equivalent. The human's ""adverse reactions"" is a slight semantic shift rather than a technical improvement, whereas the other systems are closer to the source term."
